dataset,column,non_null_count,non_null_percent,min,q25,median,q75,p99,max,mean,sd
"pod_hourly (days [0], hours [0])",gpu_request,1179029,100.0,0.0,0.0,0.0,0.0,1.0,16.0,0.09363801060024779,0.5855280300091545
"pod_hourly (days [0], hours [0])",used_gpu_hours,1179029,100.0,0.0,0.0,0.0,0.0,1.0004120590916958,16.0,0.08329931499187342,0.5575243651017195
"pod_hourly (days [0], hours [0])",avg_gpu_sm_util,68229,5.7868805601897835,0.0,0.47487468008039974,4.686509476428975,19.20083668009885,484.445870359568,855.8745293838069,24.174240971160366,74.50741877722305
"pod_hourly (days [0], hours [0])",avg_gpu_mem_gib,85812,7.2781924787261385,0.0,3.1249390629534375,12.069535727008894,86.90752787360557,615.5336064573635,1511.879150390625,54.33632784497235,119.76124095654606
"pod_hourly (days [0], hours [0])",cpu_request_cores,1179029,100.0,0.0,0.17248231464752656,1.0,3.8532179227171506,64.80230744576241,192.0,4.868030514940685,13.959088332170419
"pod_hourly (days [0], hours [0])",schedule_delay_sec_clean,1154664,97.93346898167898,0.0,0.0,0.0,10.0,3771.0,86366.0,246.63889062099452,2799.3417907345784
"pod_hourly (days [0], hours [0])",ready_delay_sec_clean,819706,69.5238200247831,0.0,3.0,7.0,44.0,8941.0,86393.0,550.1335722807934,5389.997935952087
"execution_summary (first 1,000,000 rows)",gpu_request,1000000,100.0,0.01,1.0,1.0,1.0,8.005467612242079,16.0,1.2142549499997255,1.5760340435728226
"execution_summary (first 1,000,000 rows)",duration_hours,1000000,100.0,0.005555555555555556,0.12921110453100446,0.4267818367902708,1.5047908305014188,75.07118728001073,1823.9944444444445,5.333892927777648,48.851178521766705
"execution_summary (first 1,000,000 rows)",schedule_delay_sec_clean,984535,98.4535,0.0,0.0,0.0,72.0,8701.0,86396.0,453.67456108721376,4521.229578556596
"execution_summary (first 1,000,000 rows)",ready_delay_sec_clean,435657,43.5657,1.0,8.0,17.0,206.0,50320.0,86394.0,1236.8148038479812,7741.239529501465
